Barajevo,Srbija
Voždovac,Srbija
Vračar,Srbija
Grocka,Srbija
Zvezdara,Srbija
Zemun,Srbija
Lazarevac,Srbija
Mladenovac,Srbija
Novi Beograd,Srbija
Obrenovac,Srbija
Palilula,Srbija
Rakovica,Srbija
Savski Venac,Srbija
Sopot,Srbija
Stari Grad,Srbija
Surčin,Srbija
Čukarica,Srbija
Subotica,Srbija
Bačka Topola,Srbija
Mali Iđoš,Srbija
Zrenjanin,Srbija
Žitište,Srbija
Nova Crnja,Srbija
Novi Bečej,Srbija
Sečanj,Srbija
Ada,Srbija
Kanjiža,Srbija
Kikinda,Srbija
Novi Kneževac,Srbija
Senta,Srbija
Čoka,Srbija
Pančevo,Srbija
Alibunar,Srbija
Bela Crkva,Srbija
Vršac,Srbija
Kovačica,Srbija
Kovin,Srbija
Opovo,Srbija
Plandište,Srbija
Sombor,Srbija
Apatin,Srbija
Kula,Srbija
Odžaci,Srbija
Novi Sad,Srbija
Petrovaradin,Srbija
Bač,Srbija
Bačka Palanka,Srbija
Bački Petrovac,Srbija
Beočin,Srbija
Bečej,Srbija
Vrbas,Srbija
Žabalj,Srbija
Srbobran,Srbija
Sremski Karlovci,Srbija
Temerin,Srbija
Titel,Srbija
Sremska Mitrovica,Srbija
Mačvanska Mitrovica,Srbija
Inđija,Srbija
Irig,Srbija
Pećinci,Srbija
Ruma,Srbija
Stara Pazova,Srbija
Šid,Srbija
Loznica,Srbija
Šabac,Srbija
Bogatić,Srbija
Vladimirci,Srbija
Koceljeva,Srbija
Krupanj,Srbija